silhouette_score,ari_score,cluster_purity,cluster_accuracy
0.2542691469039521,0.0026402232874551674,0.4423076923076923,0.3269230769230769
